-- FlexiMart Data Warehouse Sample Data

-- dim_date (Jan–Feb 2024, 30 days)
INSERT INTO dim_date VALUES
(20240101,'2024-01-01','Monday',1,1,'January','Q1',2024,false),
(20240102,'2024-01-02','Tuesday',2,1,'January','Q1',2024,false),
(20240103,'2024-01-03','Wednesday',3,1,'January','Q1',2024,false),
(20240104,'2024-01-04','Thursday',4,1,'January','Q1',2024,false),
(20240105,'2024-01-05','Friday',5,1,'January','Q1',2024,false),
(20240106,'2024-01-06','Saturday',6,1,'January','Q1',2024,true),
(20240107,'2024-01-07','Sunday',7,1,'January','Q1',2024,true),
(20240108,'2024-01-08','Monday',8,1,'January','Q1',2024,false),
(20240109,'2024-01-09','Tuesday',9,1,'January','Q1',2024,false),
(20240110,'2024-01-10','Wednesday',10,1,'January','Q1',2024,false),
(20240111,'2024-01-11','Thursday',11,1,'January','Q1',2024,false),
(20240112,'2024-01-12','Friday',12,1,'January','Q1',2024,false),
(20240113,'2024-01-13','Saturday',13,1,'January','Q1',2024,true),
(20240114,'2024-01-14','Sunday',14,1,'January','Q1',2024,true),
(20240115,'2024-01-15','Monday',15,1,'January','Q1',2024,false),
(20240201,'2024-02-01','Thursday',1,2,'February','Q1',2024,false),
(20240202,'2024-02-02','Friday',2,2,'February','Q1',2024,false),
(20240203,'2024-02-03','Saturday',3,2,'February','Q1',2024,true),
(20240204,'2024-02-04','Sunday',4,2,'February','Q1',2024,true),
(20240205,'2024-02-05','Monday',5,2,'February','Q1',2024,false),
(20240206,'2024-02-06','Tuesday',6,2,'February','Q1',2024,false),
(20240207,'2024-02-07','Wednesday',7,2,'February','Q1',2024,false),
(20240208,'2024-02-08','Thursday',8,2,'February','Q1',2024,false),
(20240209,'2024-02-09','Friday',9,2,'February','Q1',2024,false),
(20240210,'2024-02-10','Saturday',10,2,'February','Q1',2024,true),
(20240211,'2024-02-11','Sunday',11,2,'February','Q1',2024,true),
(20240212,'2024-02-12','Monday',12,2,'February','Q1',2024,false),
(20240213,'2024-02-13','Tuesday',13,2,'February','Q1',2024,false),
(20240214,'2024-02-14','Wednesday',14,2,'February','Q1',2024,false),
(20240215,'2024-02-15','Thursday',15,2,'February','Q1',2024,false);

-- dim_product (15 products, 3 categories)
INSERT INTO dim_product (product_id, product_name, category, subcategory, unit_price) VALUES
('P001','Laptop Pro','Electronics','Computers',75000),
('P002','Smartphone X','Electronics','Mobiles',45000),
('P003','Bluetooth Speaker','Electronics','Audio',3000),
('P004','LED TV 55"','Electronics','Television',60000),
('P005','Wireless Mouse','Electronics','Accessories',800),
('P006','Office Chair','Furniture','Seating',12000),
('P007','Dining Table','Furniture','Tables',35000),
('P008','Bookshelf','Furniture','Storage',9000),
('P009','Sofa Set','Furniture','Living Room',85000),
('P010','Bed Frame','Furniture','Bedroom',40000),
('P011','Running Shoes','Apparel','Footwear',5000),
('P012','T-Shirt','Apparel','Clothing',1200),
('P013','Jeans','Apparel','Clothing',2500),
('P014','Jacket','Apparel','Outerwear',6000),
('P015','Cap','Apparel','Accessories',600);

-- dim_customer (12 customers, 4 cities)
INSERT INTO dim_customer (customer_id, customer_name, city, state, customer_segment) VALUES
('C001','John Doe','Mumbai','Maharashtra','Retail'),
('C002','Amit Sharma','Delhi','Delhi','Retail'),
('C003','Priya Singh','Bengaluru','Karnataka','Corporate'),
('C004','Neha Verma','Pune','Maharashtra','Retail'),
('C005','Rahul Mehta','Mumbai','Maharashtra','Corporate'),
('C006','Sneha Iyer','Bengaluru','Karnataka','Retail'),
('C007','Arjun Rao','Delhi','Delhi','Retail'),
('C008','Karan Patel','Pune','Maharashtra','Corporate'),
('C009','Simran Kaur','Delhi','Delhi','Retail'),
('C010','Vikas Jain','Mumbai','Maharashtra','Corporate'),
('C011','Ritu Malhotra','Pune','Maharashtra','Retail'),
('C012','Manoj Kumar','Bengaluru','Karnataka','Retail');

-- fact_sales (40 transactions)
INSERT INTO fact_sales (date_key, product_key, customer_key, quantity_sold, unit_price, discount_amount, total_amount) VALUES
(20240106,1,1,1,75000,5000,70000),
(20240106,2,2,2,45000,3000,87000),
(20240107,3,3,3,3000,0,9000),
(20240107,5,4,5,800,0,4000),
(20240113,4,5,1,60000,4000,56000),
(20240113,11,6,2,5000,0,10000),
(20240114,12,7,4,1200,0,4800),
(20240114,6,8,1,12000,1000,11000),
(20240115,7,9,1,35000,0,35000),
(20240115,8,10,2,9000,0,18000),
(20240203,9,11,1,85000,5000,80000),
(20240203,10,12,1,40000,0,40000),
(20240204,13,1,3,2500,0,7500),
(20240204,14,2,1,6000,0,6000),
(20240210,15,3,5,600,0,3000),
(20240210,2,4,1,45000,2000,43000),
(20240211,1,5,1,75000,0,75000),
(20240211,6,6,2,12000,0,24000),
(20240212,11,7,1,5000,0,5000),
(20240212,12,8,3,1200,0,3600),
(20240213,3,9,4,3000,0,12000),
(20240213,4,10,1,60000,3000,57000),
(20240214,5,11,6,800,0,4800),
(20240214,7,12,1,35000,0,35000),
(20240215,8,1,2,9000,0,18000),
(20240215,9,2,1,85000,0,85000),
(20240108,10,3,1,40000,0,40000),
(20240109,13,4,2,2500,0,5000),
(20240110,14,5,1,6000,0,6000),
(20240111,15,6,4,600,0,2400),
(20240112,6,7,1,12000,0,12000),
(20240113,11,8,2,5000,0,10000),
(20240114,12,9,3,1200,0,3600),
(20240115,3,10,5,3000,0,15000),
(20240205,4,11,1,60000,2000,58000),
(20240206,5,12,4,800,0,3200),
(20240207,7,1,1,35000,0,35000),
(20240208,8,2,2,9000,0,18000),
(20240209,9,3,1,85000,5000,80000),
(20240210,10,4,1,40000,0,40000);
